<events>
  <event id="231001">
    <check_name>EDR Cloud CnC</check_name>
    <tsg>
      Some test connections to the Defender for Endpoints (CnC) cloud service URLs may have failed. Please make sure connections to cloud URLs are not blocked:
      https://docs.microsoft.com/en-us/windows/security/threat-protection/microsoft-defender-atp/microsoft-defender-atp-mac#network-connections
    </tsg>
  </event>
  <event id="331001">
    <check_name>EDR Cloud CnC</check_name>
    <tsg>
      Some test connections to the Defender for Endpoints (CnC) cloud service URLs may have failed. Please make sure connections to cloud URLs are not blocked:
      https://docs.microsoft.com/en-us/windows/security/threat-protection/microsoft-defender-atp/microsoft-defender-atp-linux#network-connections
    </tsg>
  </event>
  <event id="230002">
    <check_name>EDR Cloud CnC</check_name>
    <tsg>Test connection to the Defender for Endpoints (CnC) cloud service completed successfully.</tsg>
  </event>
  <event id="330002">
    <check_name>EDR Cloud CnC</check_name>
    <tsg>Test connection to the Defender for Endpoints (CnC) cloud service completed successfully.</tsg>
  </event>
  <event id="232003">
    <check_name>EDR Cloud CnC</check_name>
    <tsg>
      All test connections to the Defender for Endpoints (CnC) cloud service URLs have failed. Please make sure connections to the relevant cloud URLs are not blocked:
      https://docs.microsoft.com/en-us/windows/security/threat-protection/microsoft-defender-atp/microsoft-defender-atp-mac#network-connections
    </tsg>
  </event>
  <event id="332003">
    <check_name>EDR Cloud CnC</check_name>
    <tsg>
      All test connections to the Defender for Endpoints (CnC) cloud service URLs have failed. Please make sure connections to the relevant cloud URLs are not blocked:
      https://docs.microsoft.com/en-us/windows/security/threat-protection/microsoft-defender-atp/microsoft-defender-atp-linux#network-connections
    </tsg>
  </event>
  <event id="231004">
    <check_name>EDR Cloud Cyber</check_name>
    <tsg>
      Some test connections to the Defender for Endpoints (Cyber) cloud service URLs may have failed. Please make sure connections to the relevant cloud URLs are not blocked:
      https://docs.microsoft.com/en-us/windows/security/threat-protection/microsoft-defender-atp/microsoft-defender-atp-mac#network-connections
    </tsg>
  </event>
  <event id="331004">
    <check_name>EDR Cloud Cyber</check_name>
    <tsg>
      Some test connections to the Defender for Endpoints (Cyber) cloud service URLs may have failed. Please make sure connections to the relevant cloud URLs are not blocked:
      https://docs.microsoft.com/en-us/windows/security/threat-protection/microsoft-defender-atp/microsoft-defender-atp-linux#network-connections
    </tsg>
  </event>
  <event id="230005">
    <check_name>EDR Cloud Cyber</check_name>
    <tsg>Test connection to the Defender for Endpoints (Cyber) cloud service completed successfully.</tsg>
  </event>
  <event id="330005">
    <check_name>EDR Cloud Cyber</check_name>
    <tsg>Test connection to the Defender for Endpoints (Cyber) cloud service completed successfully.</tsg>
  </event>
  <event id="232006">
    <check_name>EDR Cloud Cyber</check_name>
    <tsg>
      All test connections to the Defender for Endpoints (Cyber) cloud service URLs have failed. Please make sure connections to the relevant cloud URLs are not blocked:
      https://docs.microsoft.com/en-us/windows/security/threat-protection/microsoft-defender-atp/microsoft-defender-atp-mac#network-connections
    </tsg>
  </event>
  <event id="332006">
    <check_name>EDR Cloud Cyber</check_name>
    <tsg>
      All test connections to the Defender for Endpoints (Cyber) cloud service URLs have failed. Please make sure connections to the relevant cloud URLs are not blocked:
      https://docs.microsoft.com/en-us/windows/security/threat-protection/microsoft-defender-atp/microsoft-defender-atp-linux#network-connections
    </tsg>
  </event>
  <event id="231007">
    <check_name>AV Cloud</check_name>
    <tsg>
      Some test connections to the Microsoft Defender Antivirus cloud service failed. Please make sure connections to the relevant cloud URLs are not blocked:
      https://docs.microsoft.com/en-us/windows/security/threat-protection/microsoft-defender-atp/microsoft-defender-atp-linux#network-connections
    </tsg>
  </event>
  <event id="331007">
    <check_name>AV Cloud</check_name>
    <tsg>
      Some test connections to the Microsoft Defender Antivirus cloud service failed. Please make sure connections to the relevant cloud URLs are not blocked:
      https://docs.microsoft.com/en-us/windows/security/threat-protection/microsoft-defender-atp/microsoft-defender-atp-mac#network-connections
    </tsg>
  </event>
  <event id="230008">
    <check_name>AV Cloud</check_name>
    <tsg>Test connection to the Microsoft Defender Antivirus cloud service completed successfully.</tsg>
  </event>
  <event id="330008">
    <check_name>AV Cloud</check_name>
    <tsg>Test connection to the Microsoft Defender Antivirus cloud service completed successfully.</tsg>
  </event>
  <event id="232009">
    <check_name>AV Cloud</check_name>
    <tsg>
      All test connections to the Defender Antivirus cloud service URLs have failed. Please make sure connections to the relevant cloud URLs are not blocked:
      https://docs.microsoft.com/en-us/windows/security/threat-protection/microsoft-defender-atp/microsoft-defender-atp-mac#network-connections
    </tsg>
  </event>
  <event id="332009">
    <check_name>AV Cloud</check_name>
    <tsg>
      All test connections to the Defender Antivirus cloud service URLs have failed. Please make sure connections to the relevant cloud URLs are not blocked:
      https://docs.microsoft.com/en-us/windows/security/threat-protection/microsoft-defender-atp/microsoft-defender-atp-linux#network-connections
    </tsg>
  </event>
  <event id="212001">
    <check_name>Unsupported OS</check_name>
    <tsg>Please note this device is running a MacOS edition or version that is not supported. Refer to the following article for a list of supported environments: https://docs.microsoft.com/en-us/windows/security/threat-protection/microsoft-defender-atp/microsoft-defender-atp-mac#system-requirements</tsg>
  </event>
  <event id="312001">
    <check_name>Unsupported OS</check_name>
    <tsg>Please note this device is running a Linux distribution or version that is not supported. Refer to the following article for a list of supported environments: https://docs.microsoft.com/en-us/windows/security/threat-protection/microsoft-defender-atp/microsoft-defender-atp-linux#system-requirements</tsg>
  </event>
  <event id="210002">
    <check_name>Process Running</check_name>
    <tsg>All processes are up and running.</tsg>
  </event>
  <event id="310002">
    <check_name>Process Running</check_name>
    <tsg>All processes are up and running.</tsg>
  </event>
  <event id="212002">
    <check_name>Process Running</check_name>
    <tsg>Not all processes are up and running, please make sure MDE is installed correctly: https://docs.microsoft.com/en-us/windows/security/threat-protection/microsoft-defender-atp/mac-support-install</tsg>
  </event>
  <event id="312002">
    <check_name>Process Running</check_name>
    <tsg>Not all processes are up and running, please make sure MDE is installed correctly: https://docs.microsoft.com/en-us/windows/security/threat-protection/microsoft-defender-atp/linux-support-install</tsg>
  </event>
</events>